[{
 "categoryString": "EXTENSION",
 "dateBuilt": "2020-09-15T11:54:34+0200",
 "nonVisible": "true",
 "iconName": "https://bodymindpower.de/temp/BMP_icon.png",
 "methods": [],
 "blockProperties": [{
  "rw": "read-only",
  "deprecated": "false",
  "name": "SdkVersion",
  "description": "Get the API Level of the device.",
  "type": "number"
 }],
 "helpUrl": "",
 "type": "de.bodymindpower.GetApiLevel.GetApiLevel",
 "androidMinSdk": 7,
 "version": "1",
 "external": "true",
 "showOnPalette": "true",
 "name": "GetApiLevel",
 "helpString": "Get the API Level",
 "properties": [],
 "events": []
}]