[{"categoryString":"EXTENSION","dateBuilt":"2022-01-24","nonVisible":"true","iconName":"aiwebres/icon.png","methods":[{"deprecated":"false","name":"InitializeView","description":"","params":[{"name":"component","type":"component"}]}],"blockProperties":[],"helpUrl":"","licenseName":"","type":"io.horizon.colorseekbar.ColorSeekbar","androidMinSdk":7,"versionName":"1.0","version":"1","external":"true","showOnPalette":"true","name":"ColorSeekbar","helpString":"<p>This extension was created by Manan Sharma for creating Horizontal Color Picker. <br>Thank You<\/p>\n","events":[{"deprecated":"false","name":"OnColorChange","description":"","params":[{"name":"color","type":"number"}]}],"properties":[]}]